timestamp,machine,temperature,vibration,pressure,production_count,error_count,machine_condition
2026-09-28 15:44:23,Machine-02,66.82,2.94,5.65,121,1,Normal
2026-09-28 15:47:23,Machine-04,66.28,1.98,5.32,131,0,Normal
2026-09-28 15:50:23,Machine-03,64.38,3.02,6.0,84,3,Normal
2026-09-28 15:53:23,Machine-02,64.62,2.15,4.92,123,3,Normal
2026-09-28 15:56:23,Machine-01,55.29,2.18,5.7,134,0,Normal
2026-09-28 15:59:23,Machine-01,69.18,2.23,5.92,119,0,Normal
2026-09-28 16:02:23,Machine-04,73.44,2.59,5.65,134,2,Normal
2026-09-28 16:05:23,Machine-04,75.63,3.14,5.05,108,2,Normal
2026-09-28 16:08:23,Machine-05,66.21,2.53,5.17,104,1,Normal
2026-09-28 16:11:23,Machine-02,65.46,2.67,5.62,113,0,Normal
2026-09-28 16:14:23,Machine-05,90.59,5.33,8.41,78,8,Abnormal
2026-09-28 16:17:23,Machine-05,70.49,3.13,5.84,84,3,Normal
2026-09-28 16:20:23,Machine-03,63.69,3.44,5.31,87,1,Normal
2026-09-28 16:23:23,Machine-05,68.68,1.52,5.23,85,0,Normal
2026-09-28 16:26:23,Machine-03,70.71,2.38,5.12,148,3,Normal
2026-09-28 16:29:23,Machine-04,67.17,2.29,6.18,107,1,Normal
2026-09-28 16:32:23,Machine-05,66.65,2.31,4.94,141,1,Normal
2026-09-28 16:35:23,Machine-03,60.35,2.04,4.55,82,2,Normal
2026-09-28 16:38:23,Machine-01,60.26,2.4,6.05,90,0,Normal
2026-09-28 16:41:23,Machine-05,68.41,2.17,4.95,94,0,Normal
2026-09-28 16:44:23,Machine-01,64.04,2.17,5.59,106,0,Normal
2026-09-28 16:47:23,Machine-04,61.86,2.25,5.16,86,2,Normal
2026-09-28 16:50:23,Machine-02,72.59,2.6,5.16,139,1,Normal
2026-09-28 16:53:23,Machine-02,66.6,3.83,5.93,144,0,Normal
2026-09-28 16:56:23,Machine-04,74.19,2.25,5.49,80,0,Normal
2026-09-28 16:59:23,Machine-03,53.86,2.73,5.32,104,3,Normal
2026-09-28 17:02:23,Machine-05,61.24,2.99,5.22,133,3,Normal
2026-09-28 17:05:23,Machine-03,75.61,4.07,8.05,61,8,Abnormal
2026-09-28 17:08:23,Machine-05,89.64,4.32,5.74,83,8,Abnormal
2026-09-28 17:11:23,Machine-02,67.95,2.79,5.65,132,3,Normal
2026-09-28 17:14:23,Machine-03,63.13,1.81,5.6,132,3,Normal
2026-09-28 17:17:23,Machine-04,67.55,2.52,5.45,158,2,Normal
2026-09-28 17:20:23,Machine-03,71.98,1.83,6.05,98,0,Normal
2026-09-28 17:23:23,Machine-05,68.38,2.09,6.01,158,0,Normal
2026-09-28 17:26:23,Machine-05,56.67,2.9,5.43,105,3,Normal
2026-09-28 17:29:23,Machine-05,70.66,2.35,6.3,99,3,Normal
2026-09-28 17:32:23,Machine-03,60.98,3.16,5.35,120,1,Normal
2026-09-28 17:35:23,Machine-03,90.55,5.07,6.46,76,9,Abnormal
2026-09-28 17:38:23,Machine-02,87.66,4.85,5.94,54,4,Abnormal
2026-09-28 17:41:23,Machine-01,61.37,2.11,4.38,90,3,Normal
2026-09-28 17:44:23,Machine-02,60.87,2.36,5.95,102,2,Normal
2026-09-28 17:47:23,Machine-05,71.16,2.27,4.87,109,0,Normal
2026-09-28 17:50:23,Machine-03,61.97,2.46,5.05,94,0,Normal
2026-09-28 17:53:23,Machine-02,59.28,1.77,5.58,158,2,Normal
2026-09-28 17:56:23,Machine-01,66.27,2.15,5.02,89,1,Normal
2026-09-28 17:59:23,Machine-05,88.35,4.56,6.84,51,4,Abnormal
2026-09-28 18:02:23,Machine-03,60.1,2.58,5.52,85,1,Normal
2026-09-28 18:05:23,Machine-05,75.31,2.98,5.31,104,1,Normal
2026-09-28 18:08:23,Machine-01,66.73,2.17,5.42,112,3,Normal
2026-09-28 18:11:23,Machine-04,58.81,2.39,5.08,87,2,Normal
2026-09-28 18:14:23,Machine-04,60.52,2.08,4.86,156,1,Normal
2026-09-28 18:17:23,Machine-03,61.87,2.61,5.98,144,1,Normal
2026-09-28 18:20:23,Machine-02,64.53,2.64,4.85,127,0,Normal
2026-09-28 18:23:23,Machine-02,62.72,3.07,5.21,140,2,Normal
2026-09-28 18:26:23,Machine-05,62.54,2.58,5.66,126,3,Normal
2026-09-28 18:29:23,Machine-01,56.55,3.02,5.4,130,3,Normal
2026-09-28 18:32:23,Machine-03,69.14,2.21,5.0,139,0,Normal
2026-09-28 18:35:23,Machine-04,62.27,3.29,5.19,96,1,Normal
2026-09-28 18:38:23,Machine-05,67.69,2.78,5.84,103,3,Normal
2026-09-28 18:41:23,Machine-01,64.36,2.03,5.9,116,1,Normal
2026-09-28 18:44:23,Machine-04,72.75,2.84,5.42,153,3,Normal
2026-09-28 18:47:23,Machine-04,63.88,2.55,5.32,141,0,Normal
2026-09-28 18:50:23,Machine-05,78.51,3.91,6.6,74,9,Abnormal
2026-09-28 18:53:23,Machine-02,63.03,2.33,5.3,121,2,Normal
2026-09-28 18:56:23,Machine-01,61.74,2.25,6.38,150,2,Normal
2026-09-28 18:59:23,Machine-03,58.87,2.06,6.25,146,1,Normal
2026-09-28 19:02:23,Machine-01,62.07,2.4,6.41,133,2,Normal
2026-09-28 19:05:23,Machine-03,64.09,2.97,5.16,126,0,Normal
2026-09-28 19:08:23,Machine-03,61.24,2.28,4.9,103,3,Normal
2026-09-28 19:11:23,Machine-02,87.83,4.19,6.8,74,8,Abnormal
2026-09-28 19:14:23,Machine-03,71.79,2.8,5.58,125,3,Normal
2026-09-28 19:17:23,Machine-01,63.32,3.02,5.33,155,0,Normal
2026-09-28 19:20:23,Machine-03,68.31,2.68,5.42,152,3,Normal
2026-09-28 19:23:23,Machine-03,61.6,2.11,5.59,124,3,Normal
2026-09-28 19:26:23,Machine-01,70.33,2.45,6.34,85,2,Normal
2026-09-28 19:29:23,Machine-01,61.47,2.96,5.58,125,3,Normal
2026-09-28 19:32:23,Machine-05,77.49,4.5,7.55,42,7,Abnormal
2026-09-28 19:35:23,Machine-01,59.4,2.85,5.83,108,3,Normal
2026-09-28 19:38:23,Machine-02,64.9,2.84,4.77,133,3,Normal
2026-09-28 19:41:23,Machine-03,65.68,3.62,5.31,106,1,Normal
2026-09-28 19:44:23,Machine-05,91.35,5.13,7.56,78,6,Abnormal
2026-09-28 19:47:23,Machine-01,66.96,2.32,5.32,94,1,Normal
2026-09-28 19:50:23,Machine-03,67.03,2.29,5.33,126,2,Normal
2026-09-28 19:53:23,Machine-05,58.66,3.18,5.9,136,3,Normal
2026-09-28 19:56:23,Machine-01,62.36,3.56,5.6,135,0,Normal
2026-09-28 19:59:23,Machine-01,57.29,3.58,5.54,145,1,Normal
2026-09-28 20:02:23,Machine-01,55.59,2.74,5.41,101,1,Normal
2026-09-28 20:05:23,Machine-01,61.51,1.41,5.03,124,2,Normal
2026-09-28 20:08:23,Machine-02,72.51,1.85,5.08,107,0,Normal
2026-09-28 20:11:23,Machine-04,63.65,2.16,4.5,114,3,Normal
2026-09-28 20:14:23,Machine-01,67.9,2.45,6.23,115,1,Normal
2026-09-28 20:17:23,Machine-04,59.18,2.86,5.76,147,3,Normal
2026-09-28 20:20:23,Machine-03,62.77,1.99,5.37,148,1,Normal
2026-09-28 20:23:23,Machine-03,68.31,2.18,5.11,102,1,Normal
2026-09-28 20:26:23,Machine-02,70.63,2.07,5.9,129,0,Normal
2026-09-28 20:29:23,Machine-05,62.87,2.63,5.16,132,2,Normal
2026-09-28 20:32:23,Machine-03,60.94,2.24,5.33,130,1,Normal
2026-09-28 20:35:23,Machine-03,66.32,2.46,4.54,127,1,Normal
2026-09-28 20:38:23,Machine-05,62.61,1.84,5.65,84,1,Normal
2026-09-28 20:41:23,Machine-02,58.65,2.62,5.35,99,0,Normal
2026-09-28 20:44:23,Machine-04,66.54,2.16,5.33,81,2,Normal
2026-09-28 20:47:23,Machine-05,59.72,3.14,5.04,140,3,Normal
2026-09-28 20:50:23,Machine-04,73.25,2.38,4.53,143,2,Normal
2026-09-28 20:53:23,Machine-01,66.45,3.08,5.46,137,3,Normal
2026-09-28 20:56:23,Machine-05,58.01,2.47,5.36,84,2,Normal
2026-09-28 20:59:23,Machine-05,57.47,2.45,6.73,154,1,Normal
2026-09-28 21:02:23,Machine-04,64.7,2.71,5.27,116,1,Normal
2026-09-28 21:05:23,Machine-01,63.48,3.14,4.94,160,0,Normal
2026-09-28 21:08:23,Machine-01,54.33,1.77,4.91,149,0,Normal
2026-09-28 21:11:23,Machine-01,62.01,2.69,5.05,112,3,Normal
2026-09-28 21:14:23,Machine-05,63.08,2.91,5.42,131,2,Normal
2026-09-28 21:17:23,Machine-05,76.43,2.52,4.84,146,0,Normal
2026-09-28 21:20:23,Machine-03,57.65,2.33,6.0,130,1,Normal
2026-09-28 21:23:23,Machine-04,94.49,3.87,6.63,84,6,Abnormal
2026-09-28 21:26:23,Machine-01,58.86,2.72,5.11,140,0,Normal
2026-09-28 21:29:23,Machine-03,60.4,2.17,4.58,114,1,Normal
2026-09-28 21:32:23,Machine-03,64.44,2.94,5.25,120,2,Normal
2026-09-28 21:35:23,Machine-04,90.5,4.65,8.24,65,7,Abnormal
2026-09-28 21:38:23,Machine-03,66.45,3.05,5.83,149,3,Normal
2026-09-28 21:41:23,Machine-01,65.0,2.38,4.8,103,3,Normal
2026-09-28 21:44:23,Machine-05,69.1,1.92,5.37,108,2,Normal
2026-09-28 21:47:23,Machine-05,50.91,2.93,5.68,146,1,Normal
2026-09-28 21:50:23,Machine-02,65.99,3.01,5.3,160,0,Normal
2026-09-28 21:53:23,Machine-05,84.24,4.08,6.66,46,7,Abnormal
2026-09-28 21:56:23,Machine-02,58.99,2.05,5.77,155,3,Normal
2026-09-28 21:59:23,Machine-01,83.39,3.29,7.02,54,5,Abnormal
2026-09-28 22:02:23,Machine-04,86.41,5.24,7.45,70,9,Abnormal
2026-09-28 22:05:23,Machine-02,70.72,2.35,5.69,130,1,Normal
2026-09-28 22:08:23,Machine-04,68.82,2.99,5.36,116,2,Normal
2026-09-28 22:11:23,Machine-05,63.83,2.27,6.18,132,2,Normal
2026-09-28 22:14:23,Machine-03,70.19,2.8,4.83,132,1,Normal
2026-09-28 22:17:23,Machine-05,59.98,3.13,5.18,90,2,Normal
2026-09-28 22:20:23,Machine-01,66.9,1.97,5.09,111,2,Normal
2026-09-28 22:23:23,Machine-02,60.4,2.49,4.32,153,1,Normal
2026-09-28 22:26:23,Machine-01,64.74,1.87,5.37,130,3,Normal
2026-09-28 22:29:23,Machine-04,63.88,1.8,5.1,146,1,Normal
2026-09-28 22:32:23,Machine-02,65.1,1.94,5.96,151,3,Normal
2026-09-28 22:35:23,Machine-03,67.61,1.99,5.02,138,0,Normal
2026-09-28 22:38:23,Machine-02,73.3,2.41,5.44,124,1,Normal
2026-09-28 22:41:23,Machine-02,66.36,2.35,5.86,145,0,Normal
2026-09-28 22:44:23,Machine-02,71.7,4.74,6.85,55,8,Abnormal
2026-09-28 22:47:23,Machine-03,65.89,2.46,5.33,155,0,Normal
2026-09-28 22:50:23,Machine-01,68.63,2.3,5.35,156,1,Normal
2026-09-28 22:53:23,Machine-03,61.35,2.74,4.79,152,0,Normal
2026-09-28 22:56:23,Machine-05,70.61,2.92,5.13,119,0,Normal
2026-09-28 22:59:23,Machine-05,63.05,2.91,6.03,113,3,Normal
2026-09-28 23:02:23,Machine-02,58.89,2.61,6.0,106,0,Normal
2026-09-28 23:05:23,Machine-03,67.01,2.82,5.12,80,1,Normal
2026-09-28 23:08:23,Machine-02,62.53,2.63,5.02,149,2,Normal
2026-09-28 23:11:23,Machine-05,64.8,2.78,5.62,155,3,Normal
2026-09-28 23:14:23,Machine-02,69.41,2.34,4.92,96,0,Normal
2026-09-28 23:17:23,Machine-05,66.37,2.74,5.15,119,2,Normal
2026-09-28 23:20:23,Machine-03,66.74,3.35,5.44,143,1,Normal
2026-09-28 23:23:23,Machine-01,70.34,2.21,5.19,110,1,Normal
2026-09-28 23:26:23,Machine-03,91.75,5.49,7.14,62,4,Abnormal
2026-09-28 23:29:23,Machine-02,66.04,2.21,5.48,160,1,Normal
2026-09-28 23:32:23,Machine-02,72.19,2.51,5.84,128,3,Normal
2026-09-28 23:35:23,Machine-03,65.64,2.54,5.37,140,3,Normal
2026-09-28 23:38:23,Machine-05,63.82,1.99,5.26,94,2,Normal
2026-09-28 23:41:23,Machine-02,61.09,3.27,5.28,154,1,Normal
2026-09-28 23:44:23,Machine-01,91.09,4.92,7.68,51,6,Abnormal
2026-09-28 23:47:23,Machine-03,69.48,2.72,4.91,123,3,Normal
2026-09-28 23:50:23,Machine-03,61.89,2.53,5.35,142,3,Normal
2026-09-28 23:53:23,Machine-05,80.98,4.15,6.76,68,7,Abnormal
2026-09-28 23:56:23,Machine-04,67.05,1.95,5.39,93,2,Normal
2026-09-28 23:59:23,Machine-01,79.74,2.76,6.27,159,1,Normal
2026-09-29 00:02:23,Machine-01,66.37,2.64,5.67,131,2,Normal
2026-09-29 00:05:23,Machine-04,67.56,2.29,6.13,130,3,Normal
2026-09-29 00:08:23,Machine-02,65.18,2.79,5.32,160,3,Normal
2026-09-29 00:11:23,Machine-04,63.52,2.24,5.38,92,1,Normal
2026-09-29 00:14:23,Machine-01,67.61,1.86,5.2,158,3,Normal
2026-09-29 00:17:23,Machine-05,64.22,3.15,5.59,107,0,Normal
2026-09-29 00:20:23,Machine-05,68.65,1.74,5.05,117,1,Normal
2026-09-29 00:23:23,Machine-04,55.35,1.76,6.14,146,2,Normal
2026-09-29 00:26:23,Machine-05,71.46,2.73,6.03,115,1,Normal
2026-09-29 00:29:23,Machine-03,63.97,2.52,5.05,160,3,Normal
2026-09-29 00:32:23,Machine-03,61.4,2.27,5.71,101,3,Normal
2026-09-29 00:35:23,Machine-02,61.09,2.61,5.89,135,1,Normal
2026-09-29 00:38:23,Machine-02,70.93,2.45,5.71,110,1,Normal
2026-09-29 00:41:23,Machine-01,70.37,3.15,5.0,81,2,Normal
2026-09-29 00:44:23,Machine-02,68.41,3.08,5.85,111,3,Normal
2026-09-29 00:47:23,Machine-05,60.61,2.39,5.39,152,1,Normal
2026-09-29 00:50:23,Machine-01,68.02,3.33,5.5,147,3,Normal
2026-09-29 00:53:23,Machine-03,68.96,2.18,5.36,131,1,Normal
2026-09-29 00:56:23,Machine-04,66.41,2.55,4.98,85,1,Normal
2026-09-29 00:59:23,Machine-01,67.32,2.69,5.7,82,2,Normal
2026-09-29 01:02:23,Machine-01,64.61,3.14,5.82,155,1,Normal
2026-09-29 01:05:23,Machine-03,64.68,3.23,6.0,158,0,Normal
2026-09-29 01:08:23,Machine-02,66.42,2.63,4.8,87,1,Normal
2026-09-29 01:11:23,Machine-05,64.21,2.44,5.65,119,0,Normal
2026-09-29 01:14:23,Machine-01,66.91,2.9,6.45,144,3,Normal
2026-09-29 01:17:23,Machine-03,70.34,3.23,5.15,101,1,Normal
2026-09-29 01:20:23,Machine-03,83.33,4.62,5.69,74,6,Abnormal
2026-09-29 01:23:23,Machine-01,62.2,2.43,5.04,135,0,Normal
2026-09-29 01:26:23,Machine-05,91.56,4.31,8.01,77,9,Abnormal
2026-09-29 01:29:23,Machine-03,63.92,2.54,5.37,106,3,Normal
2026-09-29 01:32:23,Machine-04,74.14,2.55,5.59,107,3,Normal
2026-09-29 01:35:23,Machine-03,76.21,2.16,4.33,133,0,Normal
2026-09-29 01:38:23,Machine-04,69.13,2.3,5.29,89,2,Normal
2026-09-29 01:41:23,Machine-03,70.38,2.81,5.83,156,3,Normal
2026-09-29 01:44:23,Machine-04,68.14,2.88,6.69,113,1,Normal
2026-09-29 01:47:23,Machine-01,62.64,1.74,6.69,106,3,Normal
2026-09-29 01:50:23,Machine-05,68.48,3.11,4.75,98,1,Normal
2026-09-29 01:53:23,Machine-03,60.62,1.68,4.5,152,0,Normal
2026-09-29 01:56:23,Machine-02,65.4,2.59,6.26,106,2,Normal
2026-09-29 01:59:23,Machine-05,70.43,2.22,4.81,97,1,Normal
2026-09-29 02:02:23,Machine-05,87.57,5.41,6.36,55,10,Abnormal
2026-09-29 02:05:23,Machine-03,68.7,2.61,5.43,99,2,Normal
2026-09-29 02:08:23,Machine-03,85.33,5.56,6.61,73,10,Abnormal
2026-09-29 02:11:23,Machine-01,64.62,2.72,5.18,151,3,Normal
2026-09-29 02:14:23,Machine-04,73.33,2.39,5.47,112,2,Normal
2026-09-29 02:17:23,Machine-03,59.96,2.85,5.94,105,3,Normal
2026-09-29 02:20:23,Machine-04,63.52,2.51,5.01,136,1,Normal
2026-09-29 02:23:23,Machine-05,64.45,2.76,5.22,89,1,Normal
2026-09-29 02:26:23,Machine-01,60.8,1.65,5.61,126,0,Normal
2026-09-29 02:29:23,Machine-03,62.56,1.91,5.57,127,0,Normal
2026-09-29 02:32:23,Machine-02,54.31,2.5,5.86,107,1,Normal
2026-09-29 02:35:23,Machine-04,63.83,2.45,5.77,123,3,Normal
2026-09-29 02:38:23,Machine-02,62.5,2.84,6.44,114,2,Normal
2026-09-29 02:41:23,Machine-04,63.59,2.34,4.58,125,0,Normal
2026-09-29 02:44:23,Machine-01,64.15,2.71,5.58,133,0,Normal
2026-09-29 02:47:23,Machine-04,90.85,4.94,6.25,52,10,Abnormal
2026-09-29 02:50:23,Machine-02,66.54,2.15,5.53,139,3,Normal
2026-09-29 02:53:23,Machine-02,65.6,3.01,6.22,96,0,Normal
2026-09-29 02:56:23,Machine-03,64.62,2.63,5.03,136,2,Normal
2026-09-29 02:59:23,Machine-02,88.47,4.64,5.87,78,5,Abnormal
2026-09-29 03:02:23,Machine-04,67.26,1.7,5.97,113,2,Normal
2026-09-29 03:05:23,Machine-03,92.36,4.01,6.87,85,6,Abnormal
2026-09-29 03:08:23,Machine-05,66.34,3.12,4.94,159,3,Normal
2026-09-29 03:11:23,Machine-02,66.13,2.46,5.92,138,0,Normal
2026-09-29 03:14:23,Machine-03,62.17,2.19,5.63,109,2,Normal
2026-09-29 03:17:23,Machine-05,62.97,2.48,5.19,143,1,Normal
2026-09-29 03:20:23,Machine-04,68.33,2.73,4.63,157,1,Normal
2026-09-29 03:23:23,Machine-05,64.7,2.33,5.08,151,3,Normal
2026-09-29 03:26:23,Machine-03,89.48,5.68,6.82,41,7,Abnormal
2026-09-29 03:29:23,Machine-03,62.35,2.19,5.08,83,3,Normal
2026-09-29 03:32:23,Machine-04,71.32,2.95,5.8,146,2,Normal
2026-09-29 03:35:23,Machine-03,66.93,1.99,5.17,107,2,Normal
2026-09-29 03:38:23,Machine-04,66.45,2.57,5.75,85,3,Normal
2026-09-29 03:41:23,Machine-03,67.35,3.01,6.2,84,2,Normal
2026-09-29 03:44:23,Machine-01,54.34,2.55,5.66,103,3,Normal
2026-09-29 03:47:23,Machine-01,88.98,4.92,7.26,48,4,Abnormal
2026-09-29 03:50:23,Machine-02,61.88,3.02,5.33,94,3,Normal
2026-09-29 03:53:23,Machine-04,62.42,2.42,6.31,131,0,Normal
2026-09-29 03:56:23,Machine-03,71.04,1.52,5.16,104,2,Normal
2026-09-29 03:59:23,Machine-03,52.9,2.55,5.24,118,0,Normal
2026-09-29 04:02:23,Machine-03,77.8,4.52,7.64,79,7,Abnormal
2026-09-29 04:05:23,Machine-01,60.7,3.04,6.8,98,0,Normal
2026-09-29 04:08:23,Machine-05,59.61,2.35,4.75,128,1,Normal
2026-09-29 04:11:23,Machine-04,67.76,1.89,5.6,122,1,Normal
2026-09-29 04:14:23,Machine-03,56.08,2.7,5.34,112,3,Normal
2026-09-29 04:17:23,Machine-03,61.16,2.74,5.66,106,0,Normal
2026-09-29 04:20:23,Machine-02,66.44,3.04,6.19,84,1,Normal
2026-09-29 04:23:23,Machine-05,68.13,2.5,4.79,142,3,Normal
2026-09-29 04:26:23,Machine-01,60.04,1.95,5.62,157,0,Normal
2026-09-29 04:29:23,Machine-01,68.61,2.51,5.07,138,0,Normal
2026-09-29 04:32:23,Machine-03,67.63,3.51,4.82,110,1,Normal
2026-09-29 04:35:23,Machine-04,54.04,1.55,5.44,133,1,Normal
2026-09-29 04:38:23,Machine-01,67.9,2.64,5.88,126,0,Normal
2026-09-29 04:41:23,Machine-02,63.95,2.66,6.14,84,0,Normal
2026-09-29 04:44:23,Machine-03,61.31,2.41,6.06,127,0,Normal
2026-09-29 04:47:23,Machine-01,66.49,3.2,5.94,156,3,Normal
2026-09-29 04:50:23,Machine-05,60.1,2.53,5.59,146,2,Normal
2026-09-29 04:53:23,Machine-05,63.7,2.25,6.64,138,2,Normal
2026-09-29 04:56:23,Machine-05,67.17,3.1,5.21,101,0,Normal
2026-09-29 04:59:23,Machine-01,68.88,2.91,4.55,93,0,Normal
2026-09-29 05:02:23,Machine-04,58.42,2.36,5.31,103,1,Normal
2026-09-29 05:05:23,Machine-03,88.86,4.82,5.6,51,8,Abnormal
2026-09-29 05:08:23,Machine-03,85.0,6.58,6.23,74,6,Abnormal
2026-09-29 05:11:23,Machine-01,62.35,1.99,5.6,103,3,Normal
2026-09-29 05:14:23,Machine-04,72.8,2.73,5.57,122,2,Normal
2026-09-29 05:17:23,Machine-02,65.84,2.89,5.43,92,2,Normal
2026-09-29 05:20:23,Machine-05,60.03,2.92,5.11,117,2,Normal
2026-09-29 05:23:23,Machine-03,62.75,2.26,5.34,152,3,Normal
2026-09-29 05:26:23,Machine-03,87.07,4.47,7.16,73,7,Abnormal
2026-09-29 05:29:23,Machine-02,55.96,2.31,6.36,95,1,Normal
2026-09-29 05:32:23,Machine-02,68.51,2.74,5.75,82,2,Normal
2026-09-29 05:35:23,Machine-01,62.82,3.0,5.97,90,1,Normal
2026-09-29 05:38:23,Machine-02,65.11,3.06,5.38,98,0,Normal
2026-09-29 05:41:23,Machine-04,69.89,2.61,6.79,119,3,Normal
2026-09-29 05:44:23,Machine-03,59.65,2.47,5.15,113,2,Normal
2026-09-29 05:47:23,Machine-02,60.83,2.39,5.8,144,0,Normal
2026-09-29 05:50:23,Machine-04,59.67,2.55,5.99,98,3,Normal
2026-09-29 05:53:23,Machine-05,72.3,2.76,5.28,85,2,Normal
2026-09-29 05:56:23,Machine-02,58.98,2.51,5.34,148,1,Normal
2026-09-29 05:59:23,Machine-04,65.38,2.67,4.92,122,3,Normal
2026-09-29 06:02:23,Machine-02,71.5,1.8,6.19,129,3,Normal
2026-09-29 06:05:23,Machine-03,84.18,5.83,7.14,76,9,Abnormal
2026-09-29 06:08:23,Machine-05,72.85,1.87,4.48,134,2,Normal
2026-09-29 06:11:23,Machine-04,60.19,2.72,5.85,125,0,Normal
2026-09-29 06:14:23,Machine-01,65.75,1.84,5.56,124,3,Normal
2026-09-29 06:17:23,Machine-02,65.45,2.14,5.53,146,1,Normal
2026-09-29 06:20:23,Machine-05,60.4,3.42,6.07,160,0,Normal
2026-09-29 06:23:23,Machine-01,59.43,2.71,5.83,83,1,Normal
2026-09-29 06:26:23,Machine-01,64.19,2.17,5.69,142,2,Normal
2026-09-29 06:29:23,Machine-04,64.17,2.68,5.75,124,1,Normal
2026-09-29 06:32:23,Machine-02,86.7,4.6,6.46,74,10,Abnormal
2026-09-29 06:35:23,Machine-03,66.06,2.36,5.67,159,1,Normal
2026-09-29 06:38:23,Machine-01,56.38,2.74,5.9,133,3,Normal
2026-09-29 06:41:23,Machine-02,60.99,2.93,4.94,124,1,Normal
2026-09-29 06:44:23,Machine-03,55.46,2.63,5.49,121,0,Normal
2026-09-29 06:47:23,Machine-02,70.16,3.03,6.02,156,3,Normal
2026-09-29 06:50:23,Machine-02,64.35,2.57,5.65,136,0,Normal
2026-09-29 06:53:23,Machine-02,59.72,2.78,5.37,126,3,Normal
2026-09-29 06:56:23,Machine-03,66.87,2.56,5.34,157,0,Normal
2026-09-29 06:59:23,Machine-01,67.33,2.14,5.23,105,1,Normal
2026-09-29 07:02:23,Machine-03,78.54,4.51,5.02,57,10,Abnormal
2026-09-29 07:05:23,Machine-03,64.41,2.92,5.79,137,0,Normal
2026-09-29 07:08:23,Machine-04,66.51,2.27,5.76,132,3,Normal
2026-09-29 07:11:23,Machine-04,53.45,2.09,5.84,156,1,Normal
2026-09-29 07:14:23,Machine-01,57.53,2.68,6.12,141,0,Normal
2026-09-29 07:17:23,Machine-03,61.64,2.38,5.21,158,3,Normal
2026-09-29 07:20:23,Machine-01,72.04,2.74,5.95,116,3,Normal
2026-09-29 07:23:23,Machine-05,62.68,2.73,5.08,160,1,Normal
2026-09-29 07:26:23,Machine-03,71.71,2.13,6.05,120,2,Normal
2026-09-29 07:29:23,Machine-02,91.43,3.63,7.61,60,6,Abnormal
2026-09-29 07:32:23,Machine-05,64.06,2.22,5.6,123,3,Normal
2026-09-29 07:35:23,Machine-05,65.11,2.07,5.63,103,1,Normal
2026-09-29 07:38:23,Machine-05,66.44,2.28,5.6,88,0,Normal
2026-09-29 07:41:23,Machine-01,63.71,2.9,5.33,137,2,Normal
2026-09-29 07:44:23,Machine-01,62.44,2.2,6.44,123,0,Normal
2026-09-29 07:47:23,Machine-02,66.16,2.01,5.03,135,1,Normal
2026-09-29 07:50:23,Machine-01,61.74,1.91,5.38,94,3,Normal
2026-09-29 07:53:23,Machine-03,69.71,3.28,5.28,109,3,Normal
2026-09-29 07:56:23,Machine-02,64.7,2.49,6.09,148,0,Normal
2026-09-29 07:59:23,Machine-01,62.69,1.94,5.82,116,1,Normal
2026-09-29 08:02:23,Machine-03,68.61,3.13,5.41,116,0,Normal
2026-09-29 08:05:23,Machine-05,63.51,3.04,5.54,107,1,Normal
2026-09-29 08:08:23,Machine-04,72.79,2.06,5.53,117,3,Normal
2026-09-29 08:11:23,Machine-01,59.44,1.89,5.62,146,3,Normal
2026-09-29 08:14:23,Machine-03,67.83,2.47,4.94,94,3,Normal
2026-09-29 08:17:23,Machine-02,72.74,2.75,4.97,110,2,Normal
2026-09-29 08:20:23,Machine-04,68.63,2.69,4.89,140,1,Normal
2026-09-29 08:23:23,Machine-05,69.61,3.02,5.69,158,1,Normal
2026-09-29 08:26:23,Machine-04,61.06,1.85,5.6,152,2,Normal
2026-09-29 08:29:23,Machine-02,72.7,2.44,6.28,96,1,Normal
2026-09-29 08:32:23,Machine-02,67.3,2.66,4.73,134,0,Normal
2026-09-29 08:35:23,Machine-02,64.99,2.24,6.1,121,2,Normal
2026-09-29 08:38:23,Machine-05,60.75,2.51,4.5,148,0,Normal
2026-09-29 08:41:23,Machine-04,65.74,1.94,5.46,95,3,Normal
2026-09-29 08:44:23,Machine-03,57.2,2.73,6.1,105,0,Normal
2026-09-29 08:47:23,Machine-03,77.81,3.48,6.75,60,7,Abnormal
2026-09-29 08:50:23,Machine-03,75.74,4.01,6.03,48,9,Abnormal
2026-09-29 08:53:23,Machine-02,64.23,2.69,5.74,133,2,Normal
2026-09-29 08:56:23,Machine-05,66.78,3.16,5.05,118,1,Normal
2026-09-29 08:59:23,Machine-01,70.62,2.89,6.23,93,3,Normal
2026-09-29 09:02:23,Machine-05,83.77,3.37,6.83,83,10,Abnormal
2026-09-29 09:05:23,Machine-04,69.91,2.48,5.4,153,0,Normal
2026-09-29 09:08:23,Machine-02,59.48,2.49,5.38,99,2,Normal
2026-09-29 09:11:23,Machine-04,69.33,2.45,6.31,157,0,Normal
2026-09-29 09:14:23,Machine-02,68.07,2.06,5.22,111,2,Normal
2026-09-29 09:17:23,Machine-03,54.7,3.37,5.51,91,0,Normal
2026-09-29 09:20:23,Machine-03,55.49,2.61,5.62,153,3,Normal
2026-09-29 09:23:23,Machine-05,66.87,2.83,5.9,144,2,Normal
2026-09-29 09:26:23,Machine-01,54.66,1.75,5.07,144,3,Normal
2026-09-29 09:29:23,Machine-02,69.9,2.31,5.82,104,0,Normal
2026-09-29 09:32:23,Machine-04,64.01,2.57,5.85,125,2,Normal
2026-09-29 09:35:23,Machine-04,71.75,2.58,5.52,115,3,Normal
2026-09-29 09:38:23,Machine-01,84.82,3.43,6.75,83,10,Abnormal
2026-09-29 09:41:23,Machine-01,69.96,2.2,5.5,150,0,Normal
2026-09-29 09:44:23,Machine-01,65.92,3.07,6.78,84,3,Normal
2026-09-29 09:47:23,Machine-04,63.39,2.05,6.03,136,0,Normal
2026-09-29 09:50:23,Machine-02,64.71,2.43,5.81,121,1,Normal
2026-09-29 09:53:23,Machine-04,56.43,1.94,5.21,109,2,Normal
2026-09-29 09:56:23,Machine-03,69.1,2.55,5.32,154,2,Normal
2026-09-29 09:59:23,Machine-03,73.29,2.35,5.57,91,2,Normal
2026-09-29 10:02:23,Machine-01,76.19,3.5,6.46,79,4,Abnormal
2026-09-29 10:05:23,Machine-05,69.13,2.88,5.57,125,2,Normal
2026-09-29 10:08:23,Machine-05,81.81,3.9,6.67,90,9,Abnormal
2026-09-29 10:11:23,Machine-02,61.01,2.63,4.96,90,2,Normal
2026-09-29 10:14:23,Machine-03,68.9,2.91,5.38,120,2,Normal
2026-09-29 10:17:23,Machine-03,57.97,2.33,5.5,97,2,Normal
2026-09-29 10:20:23,Machine-03,64.61,2.91,5.68,95,2,Normal
2026-09-29 10:23:23,Machine-04,62.14,2.67,6.17,106,3,Normal
2026-09-29 10:26:23,Machine-02,60.24,3.14,4.45,127,3,Normal
2026-09-29 10:29:23,Machine-03,59.72,2.35,5.42,127,1,Normal
2026-09-29 10:32:23,Machine-02,68.39,2.65,5.74,118,2,Normal
2026-09-29 10:35:23,Machine-04,65.12,2.39,5.14,144,1,Normal
2026-09-29 10:38:23,Machine-01,53.68,2.67,5.58,133,0,Normal
2026-09-29 10:41:23,Machine-03,58.37,2.68,5.47,152,2,Normal
2026-09-29 10:44:23,Machine-04,67.51,2.33,5.75,115,1,Normal
2026-09-29 10:47:23,Machine-01,72.39,2.8,5.28,139,3,Normal
2026-09-29 10:50:23,Machine-03,88.79,3.42,6.13,53,9,Abnormal
2026-09-29 10:53:23,Machine-05,80.63,4.67,8.07,78,8,Abnormal
2026-09-29 10:56:23,Machine-02,62.81,2.31,5.94,121,3,Normal
2026-09-29 10:59:23,Machine-02,59.22,2.0,6.0,149,1,Normal
2026-09-29 11:02:23,Machine-02,76.94,2.36,4.59,117,1,Normal
2026-09-29 11:05:23,Machine-02,84.85,2.63,5.66,43,4,Abnormal
2026-09-29 11:08:23,Machine-01,67.61,2.49,5.79,125,2,Normal
2026-09-29 11:11:23,Machine-01,86.16,4.77,5.3,45,8,Abnormal
2026-09-29 11:14:23,Machine-04,70.26,2.23,5.68,154,1,Normal
2026-09-29 11:17:23,Machine-04,62.29,2.93,6.12,134,2,Normal
2026-09-29 11:20:23,Machine-05,61.27,1.98,6.71,142,0,Normal
2026-09-29 11:23:23,Machine-03,62.13,2.35,5.11,122,1,Normal
2026-09-29 11:26:23,Machine-04,59.03,1.96,4.97,143,3,Normal
2026-09-29 11:29:23,Machine-05,58.32,2.88,5.69,120,0,Normal
2026-09-29 11:32:23,Machine-03,60.74,3.24,4.54,145,3,Normal
2026-09-29 11:35:23,Machine-02,66.24,2.95,5.43,137,1,Normal
2026-09-29 11:38:23,Machine-02,69.75,2.33,6.01,104,3,Normal
2026-09-29 11:41:23,Machine-02,67.47,2.93,5.53,116,0,Normal
2026-09-29 11:44:23,Machine-05,61.37,2.36,5.1,94,1,Normal
2026-09-29 11:47:23,Machine-05,68.04,2.0,6.47,152,0,Normal
2026-09-29 11:50:23,Machine-05,64.33,2.99,6.04,127,3,Normal
2026-09-29 11:53:23,Machine-04,74.18,5.75,8.58,89,10,Abnormal
2026-09-29 11:56:23,Machine-01,68.0,2.34,5.66,159,0,Normal
2026-09-29 11:59:23,Machine-04,61.61,1.83,5.56,100,0,Normal
2026-09-29 12:02:23,Machine-02,61.57,2.71,5.65,148,2,Normal
2026-09-29 12:05:23,Machine-04,64.72,2.25,6.13,129,3,Normal
2026-09-29 12:08:23,Machine-03,80.45,3.38,8.45,63,10,Abnormal
2026-09-29 12:11:23,Machine-03,71.22,2.59,5.81,108,3,Normal
2026-09-29 12:14:23,Machine-04,62.66,3.09,6.38,160,3,Normal
2026-09-29 12:17:23,Machine-05,64.19,2.17,6.35,95,1,Normal
2026-09-29 12:20:23,Machine-03,82.47,4.15,6.41,52,8,Abnormal
2026-09-29 12:23:23,Machine-03,68.16,2.27,5.48,118,1,Normal
2026-09-29 12:26:23,Machine-03,56.28,2.41,5.28,151,0,Normal
2026-09-29 12:29:23,Machine-05,64.77,2.87,5.38,132,0,Normal
2026-09-29 12:32:23,Machine-02,63.46,2.49,5.84,117,3,Normal
2026-09-29 12:35:23,Machine-05,78.48,4.05,6.73,63,7,Abnormal
2026-09-29 12:38:23,Machine-05,89.17,4.35,6.67,72,10,Abnormal
2026-09-29 12:41:23,Machine-02,66.79,1.64,5.27,136,2,Normal
2026-09-29 12:44:23,Machine-02,62.95,2.8,6.3,81,1,Normal
2026-09-29 12:47:23,Machine-05,61.75,2.49,5.76,100,3,Normal
2026-09-29 12:50:23,Machine-04,64.39,2.17,5.23,104,1,Normal
2026-09-29 12:53:23,Machine-04,64.24,3.07,5.13,118,3,Normal
2026-09-29 12:56:23,Machine-02,71.11,2.11,5.65,112,1,Normal
2026-09-29 12:59:23,Machine-03,64.69,2.32,4.52,102,1,Normal
2026-09-29 13:02:23,Machine-03,87.19,5.39,7.6,71,7,Abnormal
2026-09-29 13:05:23,Machine-04,89.25,4.14,6.22,53,7,Abnormal
2026-09-29 13:08:23,Machine-05,66.47,3.19,4.46,113,0,Normal
2026-09-29 13:11:23,Machine-02,68.68,2.49,5.94,101,1,Normal
2026-09-29 13:14:23,Machine-04,62.45,1.56,5.93,86,3,Normal
2026-09-29 13:17:23,Machine-05,63.9,2.47,5.53,134,0,Normal
2026-09-29 13:20:23,Machine-05,67.54,2.2,5.32,93,0,Normal
2026-09-29 13:23:23,Machine-05,60.9,2.33,5.13,146,0,Normal
2026-09-29 13:26:23,Machine-02,61.65,2.52,5.25,151,2,Normal
2026-09-29 13:29:23,Machine-04,69.69,2.84,5.49,142,3,Normal
2026-09-29 13:32:23,Machine-04,61.43,2.13,5.03,81,2,Normal
2026-09-29 13:35:23,Machine-03,62.31,2.34,5.8,153,1,Normal
2026-09-29 13:38:23,Machine-03,61.18,2.45,5.54,127,0,Normal
2026-09-29 13:41:23,Machine-05,60.71,3.29,5.45,136,3,Normal
2026-09-29 13:44:23,Machine-05,65.61,2.19,6.35,127,3,Normal
2026-09-29 13:47:23,Machine-04,70.96,2.32,5.91,111,0,Normal
2026-09-29 13:50:23,Machine-01,59.11,2.7,5.62,90,3,Normal
2026-09-29 13:53:23,Machine-03,73.21,2.45,5.43,110,1,Normal
2026-09-29 13:56:23,Machine-05,63.0,2.55,5.96,158,2,Normal
2026-09-29 13:59:23,Machine-02,68.4,2.41,5.77,119,3,Normal
2026-09-29 14:02:23,Machine-01,71.03,3.14,5.74,115,1,Normal
2026-09-29 14:05:23,Machine-04,55.62,2.57,5.81,90,3,Normal
2026-09-29 14:08:23,Machine-04,67.41,2.75,5.26,102,0,Normal
2026-09-29 14:11:23,Machine-02,71.55,2.35,5.99,89,2,Normal
2026-09-29 14:14:23,Machine-02,62.33,2.12,5.26,152,3,Normal
2026-09-29 14:17:23,Machine-04,64.67,2.66,4.93,94,0,Normal
2026-09-29 14:20:23,Machine-05,70.52,1.93,5.85,126,0,Normal
2026-09-29 14:23:23,Machine-01,64.24,2.42,5.95,87,1,Normal
2026-09-29 14:26:23,Machine-05,88.7,4.12,6.62,74,9,Abnormal
2026-09-29 14:29:23,Machine-01,66.26,3.04,5.4,118,0,Normal
2026-09-29 14:32:23,Machine-05,60.42,3.11,4.81,125,3,Normal
2026-09-29 14:35:23,Machine-03,70.73,2.46,5.53,101,2,Normal
2026-09-29 14:38:23,Machine-04,60.12,2.08,5.17,93,3,Normal
2026-09-29 14:41:23,Machine-02,79.39,3.61,6.47,53,9,Abnormal
2026-09-29 14:44:23,Machine-02,64.12,2.12,5.79,95,1,Normal
2026-09-29 14:47:23,Machine-03,54.85,2.53,4.85,158,3,Normal
2026-09-29 14:50:23,Machine-05,67.99,2.59,6.03,143,3,Normal
2026-09-29 14:53:23,Machine-02,71.07,2.34,6.68,96,2,Normal
2026-09-29 14:56:23,Machine-02,68.85,2.01,5.72,87,2,Normal
2026-09-29 14:59:23,Machine-05,60.17,2.58,5.9,119,2,Normal
2026-09-29 15:02:23,Machine-01,66.53,2.31,5.07,132,3,Normal
2026-09-29 15:05:23,Machine-01,73.21,2.86,5.26,93,3,Normal
2026-09-29 15:08:23,Machine-02,66.72,2.34,5.83,157,3,Normal
2026-09-29 15:11:23,Machine-01,60.74,2.82,4.74,97,0,Normal
2026-09-29 15:14:23,Machine-01,58.87,2.46,5.26,122,0,Normal
2026-09-29 15:17:23,Machine-02,65.02,2.18,5.35,120,3,Normal
2026-09-29 15:20:23,Machine-04,74.4,2.84,4.71,112,3,Normal
2026-09-29 15:23:23,Machine-04,68.85,1.87,6.79,92,3,Normal
2026-09-29 15:26:23,Machine-03,68.95,2.43,6.07,96,2,Normal
2026-09-29 15:29:23,Machine-05,64.18,2.27,5.25,111,2,Normal
2026-09-29 15:32:23,Machine-05,71.42,1.94,5.53,138,2,Normal
2026-09-29 15:35:23,Machine-03,83.51,5.23,6.22,44,4,Abnormal
2026-09-29 15:38:23,Machine-02,64.0,2.51,4.86,141,0,Normal
2026-09-29 15:41:23,Machine-03,59.78,1.96,5.61,80,1,Normal
2026-09-29 15:44:23,Machine-04,59.48,2.57,6.6,104,0,Normal
2026-09-29 15:47:23,Machine-03,66.86,2.69,6.56,95,2,Normal
2026-09-29 15:50:23,Machine-03,68.71,2.05,6.08,101,1,Normal
2026-09-29 15:53:23,Machine-04,68.48,1.95,4.76,152,2,Normal
2026-09-29 15:56:23,Machine-02,64.56,2.32,4.55,119,0,Normal
2026-09-29 15:59:23,Machine-04,61.81,2.29,5.27,93,3,Normal
2026-09-29 16:02:23,Machine-03,62.99,2.69,5.65,123,1,Normal
2026-09-29 16:05:23,Machine-02,65.25,2.22,5.97,108,1,Normal
2026-09-29 16:08:23,Machine-04,63.53,2.5,5.83,82,0,Normal
2026-09-29 16:11:23,Machine-03,64.04,2.06,6.17,118,1,Normal
2026-09-29 16:14:23,Machine-04,64.16,2.32,4.17,90,3,Normal
2026-09-29 16:17:23,Machine-05,63.51,2.59,6.02,103,0,Normal
2026-09-29 16:20:23,Machine-03,61.79,2.15,5.49,100,0,Normal
2026-09-29 16:23:23,Machine-03,71.84,2.49,4.74,127,1,Normal
2026-09-29 16:26:23,Machine-02,73.3,3.12,5.92,88,3,Normal
2026-09-29 16:29:23,Machine-03,62.58,2.52,5.17,135,3,Normal
2026-09-29 16:32:23,Machine-03,72.02,2.6,4.69,102,0,Normal
2026-09-29 16:35:23,Machine-04,63.95,2.61,5.36,93,2,Normal
2026-09-29 16:38:23,Machine-05,64.76,2.89,5.16,84,0,Normal
2026-09-29 16:41:23,Machine-03,65.18,2.58,5.39,118,2,Normal
